icase,iwx_band,x,y,stop_above_atotal,stop_at_t
1,106,-38086.028623202554,1332831.6193850676,100000.0,168
2,154,-53971.736303745754,1347016.88833169,100000.0,168
3,211,-44056.63570216346,1343601.2404213708,100000.0,168
4,215,-14723.178430155464,1343646.8484549257,100000.0,168
5,269,-16178.608113274298,1364109.2311947558,100000.0,168


